id;;geslacht;leeftijd;stance;stance_numeriek;oppervlakte;afstand;richting;G_29aug_blok1;M_29aug_blok1;PI_29aug_blok1;PM_29aug_blok1;G_29aug_blok2;M_29aug_blok2;PI_29aug_blok2;PM_29aug_blok2;G_30aug_blok1;M_30aug_blok1;PI_30aug_blok1;PM_30aug_blok1;G_30aug_blok2;M_30aug_blok2;PI_30aug_blok2;PM_30aug_blok2;G_30aug_blok3;M_30aug_blok3;PI_30aug_blok3;PM_30aug_blok3;G_30aug_blok4;M_30aug_blok4;PI_30aug_blok4;PM_30aug_blok4;G_31aug_blok1;M_31aug_blok1;PI_31aug_blok1;PM_31aug_blok1;G_31aug_blok2;M_31aug_blok2;PI_31aug_blok2;PM_31aug_blok2;G_31aug_blok3;M_31aug_blok3;PI_31aug_blok3;PM_31aug_blok3;G_31aug_blok4;M_31aug_blok4;PI_31aug_blok4;PM_31aug_blok4
3127;;;;Geen stance;;9146,888;349,852;Noordoost;38,85932541;45,50906754;0;0;42,84875107;63,31746292;0;0;44,19299316;75,14603424;0,16;2;43,60918045;66,56203461;0,02;1;42,16860199;64,29250336;0;0;43,456707;66,75134277;0,02;1;42,22442245;64,29882813;0;0;48,25912476;73,27295685;0,28;9;48,42272949;66,66654205;0,05;1;49,45142365;69,90409088;0,09;2
3157;;;;Geen stance;;31110,323;238,604;Zuid;44,0928421;46,62716293;0;0;46,22189713;70,89156342;0,21;10;62,895504;82,89021301;33,05;44;60,06574631;75,09107208;36,09;165;60,54232407;75,11602783;28,75;77;64,17326355;79,17240906;66,71;84;56,27891159;88,81410217;10,74;40;60,1842041;76,4723587;21,88;113;64,04528046;75,81021881;45,35;58;65,04151917;99,78936768;53,67;65
3170;;Man;65+;Negatief;-1;9535,354;269,672;Noordoost;40,47059631;49,21241379;0;0;42,52944946;68,49421692;0,07;4;44,23914719;76,47775269;0,16;2;43,50642014;67,95928955;0,03;1;42,71842194;67,17090607;0,08;2;43,95529175;67,88211823;0,04;2;42,61898422;65,18125153;0,03;1;48,35548019;74,31508636;0,35;12;49,14817047;67,1100235;0,02;1;49,99025345;70,49254608;0,11;2
3171;;Zeg ik liever niet;25-44 jaar;Positief;1;13572,092;563,426;Noordoost;42,61145401;44,53697968;0;0;52,90585709;97,317276;1,49;30;46,17934036;71,86113739;0,13;1;46,55923462;72,64427948;0,14;4;44,11209488;64,94587708;0;0;46,1506424;61,21762848;0;0;44,74951553;53,39632416;0;0;47,66702271;64,27609253;0;0;49,83559799;59,21082687;0;0;50,56081009;60,38415909;0;0
3189;;Man;45-64 jaar;Niet blootgesteld;;11076,379;190,451;Zuid;45,00613022;46,82385635;0;0;47,17599106;72,14846039;0;0;66,80094147;84,00232697;0;0;62,594944;75,59631348;0;0;62,60606384;75,50084686;0;0;66,14624023;76,92935181;0;0;58,78946686;90,39188385;0;0;62,46888351;76,70628357;0;0;65,58381653;76,06370544;0;0;66,58518982;97,17273712;0;0
3192;;Vrouw;45-64 jaar;Negatief;-1;1603,078;262,9453333;Zuid;42,13100306;45,9547081;0;0;44,6624616;62,33924484;0;0;55,10935338;76,62347412;1,1;5;53,39858882;69,46723175;0,38;18;52,95026652;70,82331848;0,06;4;56,0767072;72,66742706;1,23;26;51,78207525;83,42895508;0;0;55,08131154;73,24713898;0,24;4;57,42283885;71,98519135;0,03;1;58,59718959;77,33798981;0,28;4
3193;;Man;45-64 jaar;Positief;1;156,494;140,245;Noordwest;43,92554092;45,57950211;0;0;45,40401459;59,24290848;0;0;63,58189011;78,24736023;24,62;29;59,09778976;71,34192657;2,99;78;58,80158234;68,87860107;3,07;48;63,4111557;75,74744415;0;0;58,98258591;68,90824127;0;0;59,18918991;71,86330414;6,53;38;62,69408035;69,80081177;0;0;63,95315552;72,44091797;36,2;58
3198;;Man;45-64 jaar;Negatief;-1;3383,214;195,894;Zuid;44,93485641;46,15348434;0;0;46,98536682;67,44299316;0,09;6;66,30418396;80,81638336;30,25;43;62,55231857;73,32779694;34,13;163;62,59176636;73,62179565;27,26;72;66,1333847;75,20772552;64,42;78;58,39538956;80,90419006;6,91;36;62,45781326;75,47622681;20,97;92;65,60428619;74,87310028;44,78;46;66,59962463;85,4894104;52,86;55
3199;;;;Geen stance;;4616,502;245,772;Zuid;43,27132797;44,710495;0;0;45,81747818;63,69553757;0;0;61,13672256;75,23748779;14,22;13;58,25225067;68,34161377;0;0;59,22497177;70,61568451;0;0;62,84858322;73,04403687;30,8;74;54,24824142;73,12706757;0;0;58,34527969;72,59285736;9,2;45;63,16807938;77,42731476;0;0;63,89759445;84,64800262;41,31;65
3204;;Vrouw;45-64 jaar;Negatief;-1;4693,811;258,648;Zuid;43,56910706;44,69353867;0;0;45,76739883;59,28305435;0;0;61,03794861;75,00600433;13,67;13;58,7508316;68,21166992;3,2;93;59,51221848;70,48665619;9,26;44;63,15441132;72,50160217;0;0;54,87028503;74,00033569;0;0;58,92259979;72,49253082;0;0;63,25979233;74,01931763;0;0;64,07397461;83,99922943;0;0
3215;;Vrouw;45-64 jaar;Negatief;-1;17483,384;451,473;Noordoost;41,15500259;43,87931824;0;0;46,22928619;86,2309494;0;0;46,78553772;73,17501831;0,16;1;46,71437836;73,87625885;0;0;43,09193802;67,67378235;0;0;44,5864296;61,69042206;0;0;43,43165207;58,70460129;0;0;47,7605629;67,29404449;0,1;2;49,47122192;64,07511139;0;0;50,4951973;66,42420197;0,04;1
3223;;;;Positief;1;1215743,411;156,604;West;42,91394043;51,18530273;0;0;45,51366806;76,62999725;20,69;34;54,09429169;96,69158173;100;52;53,07321548;102,0819778;100;188;53,19706345;103,7735214;100;105;56,28283691;101,4781799;93,91;118;52,57183075;113,8776855;100;53;54,82810974;102,4591599;100;126;58,11196136;111,7148514;100;77;58,94395828;113,9989929;100;83
3224;;Vrouw;45-64 jaar;Negatief;-1;591,558;237,494;Noordoost;39,23487473;41,45755386;0;0;42,0171051;56,81026077;0;0;47,39048767;72,36432648;0;0;47,30750656;63,27304459;0;0;46,70980835;62,29711914;0;0;49,0832634;66,24555969;0;0;45,6100769;61,04655075;0;0;51,24620056;69,87120056;0;0;52,44281006;64,59605408;0;0;54,25483322;69,44569397;0;0
3226;;Man;25-44 jaar;Negatief;-1;3339,548;563,248;Noordoost;42,15477753;43,55472565;0;0;56,5751915;105,1312027;0;0;46,40930557;73,17501831;0,16;1;46,71219254;73,87625885;0,19;6;43,80797195;67,67378235;0,08;2;45,68181229;61,69042206;0;0;44,67692947;53,73074341;0;0;48,03556061;64,68094635;0;0;50,15565491;59,78019333;0;0;51,12824631;61,05204773;0;0
3227;;Man;25-44 jaar;Positief;1;14592,073;305,559;West;44,41521835;47,79660797;0;0;47,65945435;72,58857727;0,31;13;59,28210449;75,6623764;14,25;22;54,7516098;75,15097046;1,52;69;54,24021149;74,61712646;1,25;25;57,94542694;74,8236618;3,1;56;55,74343491;83,19984436;1,19;19;53,1578598;76,37244415;0,29;8;56,68418503;69,81435394;0,27;12;57,45105743;70,24763489;0,81;9
3230;;Man;45-64 jaar;Positief;1;5550,419;306,819;Noord;39,71537209;42,69814301;0;0;42,63799858;60,00718689;0;0;47,57011223;71,53736877;0,34;2;47,82135773;63,06628036;0;0;47,19728661;63,66679001;0;0;49,73223114;66,5223999;0,02;1;46,26165009;62,1543808;0;0;51,57887459;70,91890717;0,27;3;52,90644836;66,1882782;0,06;2;54,55693626;72,35590363;1,17;12
3232;;Man;65+;Negatief;-1;9842,212;245,336;West;44,43099594;47,50503922;0;0;47,01108932;70,68260956;0;0;61,8710289;77,52288818;22,81;25;56,15636063;74,27591705;2,38;64;55,67246628;73,32582092;2,62;39;59,8110733;76,94933319;17,93;93;63,04957962;113,6147461;3,8;32;55,02612686;74,38531494;5,58;29;58,68326569;69,47546387;22,92;72;59,54831314;70,39959717;29,59;63
3240;;Man;25-44 jaar;Positief;1;1678,765;138,629;Noordwest;43,82304764;45,84335709;0;0;45,18617249;60,72630692;0;0;63,37681198;78,98177338;28,52;29;59,43213272;71,77129364;7,08;151;59,17750549;69,65206146;8,16;68;63,72808838;78,77524567;35,55;112;59,02387619;69,81446838;10,07;30;59,78024673;74,18370056;13,46;65;63,21458054;71,46278381;44,01;77;64,4571991;73,73171997;47,9;62
3243;;Vrouw;25-44 jaar;Negatief;-1;8681,753;154,646;Zuid;45,0989151;47,08869934;0;0;47,78956604;73,64521027;0;0;70,09857178;88,2558136;1,650078575;3;63,32014084;76,59062195;0;0;63,40979385;76,7237854;0;0;67,10929871;83,35930634;0;0;59,24312592;81,12995148;0;0;62,98357391;78,38283539;0;0;66,09571075;81,95293427;0;0;67,69609833;99,78936768;0,056614456;1
3244;;Vrouw;25-44 jaar;Negatief;-1;8034,343;197,135;Zuid;44,88205338;46,34857559;0;0;46,93085098;69,13601685;0;0;66,15032196;81,91677094;31,22;44;62,33004761;74,21698761;34,89;163;62,38736725;74,46200562;28;75;65,96032715;75,96833038;65,6;80;58,50379562;90,22101593;8,19;40;62,25058746;75,97301483;21,3;103;65,43437958;75,33319092;44,78;46;66,54717255;98,65201569;52,86;57
3251;;Man;45-64 jaar;Negatief;-1;1319827,575;287,942;Zuidwest;43,37320328;51,18530273;0;0;45,9804306;73,69094086;20,69;34;55,72952271;96,69158173;100;52;54,22444153;102,0819778;100;188;54,55636215;103,7735214;100;105;57,68322372;101,4781799;93,91;118;53,20045471;113,8776855;100;53;55,22556305;102,4591599;100;126;58,70875549;111,7148514;100;77;59,46511459;113,9989929;100;83
3254;;Man;65+;Negatief;-1;400,908;389,138;West;44,13588715;46,07131195;0;0;46,1744957;61,78187943;0;0;57,57889557;71,49164581;3,22;7;55,18553925;69,37473297;0,54;23;54,88758087;67,05548859;0,16;6;58,93048477;69,62639618;1,89;32;55,22706604;75,2770462;0,25;2;54,87871552;68,76886749;0,25;4;58,6760025;65,87137604;0,24;10;59,58332443;66,80500031;1,09;10
3256;;Vrouw;45-64 jaar;Positief;1;72635,772;406,577;Noordoost;39,16226959;43,40608215;0;0;44,4600029;93,03218079;0;0;45,04761124;77,29234314;0,18;2;44,76854324;73,87625885;0,19;6;42,9995575;67,67378235;0,08;2;44,50059509;68,62587738;0,04;2;42,92198944;66,03672791;0,03;1;48,59872055;75,41017914;0,41;12;49,05453873;68,690979;0,05;3;50,33690643;70,96477509;0,11;2
3259;;Man;65+;Negatief;-1;3869,234;275,284;Zuid;42,75921631;43,86322784;0;0;45,66926193;59,71749496;0;0;58,78555298;73,91230011;10,32;11;56,56958008;66,62872314;0,27;18;57,87586975;69,39447021;3,9;24;61,41342163;71,37075806;16,43;55;52,66104507;70,84477997;0,11;1;56,73169327;71,30843353;4,78;30;62,48723984;76,33003998;25,31;44;62,7817955;81,33276367;25,34;65
3261;;Vrouw;45-64 jaar;Positief;1;10836,971;38,344;Oost;44,2813797;46,47153473;0;0;45,26221085;69,71815491;0,16;9;82,51530457;96,69158173;100;52;82,80619812;102,0819778;100;167;82,9876709;103,7735214;100;97;84,8921814;101,4781799;84,32937512;5;77,80504608;94,65531921;25,02081599;3;81,97199249;102,4591599;100;98;84,85347748;103,7495804;100;47;85,48387909;103,1501617;100;16
3280;;Man;45-64 jaar;Negatief;-1;8728,016;295,371;Zuidwest;44,20502472;45,29833603;0;0;45,7331543;59,32148743;0;0;60,93871689;75,89258575;0;0;58,80492401;69,04421234;0;0;58,88811493;69,63239288;0;0;62,7747345;73,21273041;0;0;61,30619049;102,5555649;0,083263947;1;59,07042313;72,61270142;0;0;62,71866608;71,20194244;0;0;63,58650208;75,51612091;0;0
3284;;Vrouw;45-64 jaar;Positief;1;7510,82;659,589;Noordoost;42,00839233;43,21506119;0;0;83,43141937;122,8798447;0;0;46,28104782;65,98905182;0,05;1;47,19093704;70,2837677;0,11;5;45,02658081;59,49771881;0;0;47,41996384;56,71624756;0;0;45,29362488;54,66574097;0;0;48,79919052;65,27174377;0,02;1;50,93074036;62,54920578;0;0;52,1558876;61,8511734;0;0
3285;;Vrouw;25-44 jaar;Geen stance;;551,672;228,238;Zuid;44,55102921;45,38417435;0;0;46,3248291;61,6192627;0;0;64,02481079;77,26182556;0;0;61,29339218;70,09360504;0;0;61,44491959;71,49728394;0;0;65,06806183;72,94978333;0;0;57,71691513;79,67376709;0;0;61,40657425;73,50521851;0;0;64,78102112;72,51746368;0;0;65,70211792;79,25646973;0;0
3290;;Vrouw;65+;Negatief;-1;1383,319;254,453;Noordoost;37,7908783;40,89800644;0;0;41,97642899;60,94064331;0;0;45,84865189;74,31207275;0,16;2;44,6309967;65,33289337;0,01;1;43,3698349;63,45154953;0;0;44,98789597;66,40974426;0;0;43,15752411;63,10907745;0;0;49,68467712;71,20415497;0,23;7;49,50452423;65,96678925;0,02;1;51,01799393;69,43894196;0;0
3291;;Man;45-64 jaar;Negatief;-1;1331,713;163,411;Zuid;45,46235657;46,45792389;0;0;48,06103134;69,86521149;0,17;10;69,1472702;82,35732269;32,19;43;63,77282715;74,58937836;35,45;141;63,66115189;74,76286316;28,22;77;67,09210205;76,17909241;65,43;56;59,28415298;75,28748322;9,19;40;63,47019577;76,20348358;21,41;106;66,30913544;75,55164337;44,33;47;67,40274811;90,86437988;52,5;58
3294;;Vrouw;25-44 jaar;Positief;1;10683,75;386,254;Zuidwest;43,92207718;44,80880356;0;0;45,55667114;56,98997879;0;0;58,52982712;72,48537445;7,36;11;57,67166138;67,02358246;0;0;57,97394943;68,26522827;0;0;61,79015732;70,32014465;0;0;55,96643448;82,99443054;0;0;58,24019623;71,58460999;5,52;25;62,04386139;69,94901276;0;0;62,87831879;73,83818817;30,33;56
3315;;;;Geen stance;;457572,721;791,007;Noordoost;42,29892731;46,24782944;0;0;61,57647324;122,8798447;20,74;81;45,84938049;73,17501831;0,16;1;46,61803055;73,87625885;1,19;6;45,57788849;67,67378235;0,08;2;47,89033508;61,69042206;0;0;44,82135391;57,59016037;0;0;47,69836426;67,82516479;0,01;1;49,55437851;68,690979;0,05;2;50,28292847;65,49092102;0,04;1
3320;;Vrouw;45-64 jaar;Positief;1;178,119;632,84;Oost;43,50893402;44,97840881;0;0;57,08906937;68,16545868;0;0;46,41019058;55,44213486;0;0;47,35076904;59,74987793;0;0;46,77391434;57,33650208;0;0;49,36080551;55,58287811;0;0;45,03964233;53,67171097;0;0;46,57418823;64,24978638;0;0;48,197258;57,64221954;0;0;48,33342361;55,53680038;0;0
3323;;Man;45-64 jaar;Negatief;-1;25039,277;536,2;Zuidwest;43,85113525;44,66866302;0;0;45,49369431;55,85325241;0;0;57,11365891;70,0375824;2,57;5;56,61087036;65,70726776;0,05;5;56,87068176;66,72457123;0,38;4;60,75416183;68,78707123;4,4;35;55,22693253;76,80883789;0;0;57,29600143;70,36906433;2,07;18;61,11393356;68,42810059;12,01;48;61,98622513;70,58495331;12,89;44
3336;;Man;45-64 jaar;Positief;1;14488,049;598,452;Noordoost;41,5554924;43,06176376;0;0;70,84989166;122,7968674;5,72;81;45,47270584;65,94371796;0,05;1;46,22396851;70,21617889;0,11;5;44,49559784;60,68592453;0;0;46,64461899;57,9940567;0;0;44,84727097;55,60643005;0;0;48,75181961;66,08163452;0,05;1;50,67035675;66,88047791;0,03;1;52,0229454;63,46681213;0;0
3338;;Vrouw;45-64 jaar;Niet blootgesteld;;71914,633;214,626;West;44,49144745;47,87262344;0;0;47,05599213;73,06880188;0,37;17;62,94042587;84,72071838;47,22;36;57,61886215;76,08136749;49,49;188;57,25584412;75,36497498;51,02;93;61,30322266;97,46418762;82,69;118;61,28458786;113,8776855;27,73;38;56,62620926;78,70586395;36,31;91;60,08033752;77,55982208;56,93;77;60,93283463;79,14308929;72,98;68
3341;;Vrouw;65+;Negatief;-1;1270,357;268,842;Noordoost;41,38539886;44,96649933;0;0;41,45294952;64,05476379;0;0;43,68823242;70,4743042;0;0;43,49144363;59,84976196;0;0;43,39562988;59,25606537;0;0;44,58444214;62,2158432;0;0;42,29599762;57,27356339;0;0;47,76475525;66,87838745;0;0;49,73086166;63,76101685;0;0;50,74033356;65,83380127;0;0
3343;;Vrouw;25-44 jaar;Neutraal;0;2258,119;302,991;West;44,45262146;47,4044342;0;0;47,87424469;70,10073853;0;0;59,2252388;74,04359436;8,7;19;54,56755829;73,83734131;1,3;53;54,00465775;72,79886627;0,88;19;57,65706253;72,31387329;2,57;50;55,54958725;71,66191864;0,72;14;52,77468491;73,78843689;0,24;7;56,3023262;68,35926056;0,06;4;57,0470314;68,04243469;0,09;3
3344;;Man;45-64 jaar;Niet blootgesteld;;109,856;215,006;Zuidwest;44,44004059;45,99671555;0;0;46,12816238;59,81492233;0;0;63,90085602;77,14201355;0;0;58,28155518;71,08299255;0;0;57,92547226;68,2529068;0;0;62,37911224;75,90093231;0;0;76,02469635;109,6165619;0;0;57,91628265;69,80767059;3,78;27;61,60276413;68,80240631;17,25;71;62,52632141;69,68280792;0;0
3352;;Man;65+;Geen stance;;2120,129;533,135;Noordoost;42,08307266;43,54851151;0;0;51,07581711;87,05600739;0;0;47,1837616;70,62055206;0;0;47,20757675;71,49629974;0;0;43,34525681;61,59705353;0;0;45,08018112;60,83126068;0;0;44,48191452;53,69573975;0;0;47,91427612;64,51847076;0;0;50,01106262;59,46413803;0;0;50,96593094;60,84542084;0;0
3353;;Vrouw;45-64 jaar;Positief;1;712,483;165,831;Noord;41,59969711;43,16644287;0;0;42,71245193;56,57863235;0;0;54,66439819;74,79534149;1;5;55,08450317;66,91678619;0,05;4;55,07183456;67,84770966;0,42;6;58,69690323;70,34143829;3,58;26;52,84755707;64,07941437;0;0;57,3530426;74,17649841;2,9;29;60,00074768;69,59383392;10,38;49;61,70324326;74,2700882;23,17;45
3354;;Man;65+;Positief;1;11009,061;165,715;Zuid;44,3770256;47,09677505;0;0;47,12863159;73,69094086;0,39;16;68,19502258;90,70384979;0;0;62,24900055;81,33003235;0;0;62,66767502;81,64832306;0;0;66,41986084;97,44930267;0;0;59,59729385;84,67543793;0;0;62,07233429;83,78329468;0;0;66,061203;83,6233902;0;0;66,98563385;99,78936768;0;0
3355;;Man;15-24 jaar;Negatief;-1;864,738;156,808;Zuid;45,41737366;46,50444031;0;0;48,08207321;70,28089142;0,19;10;69,97814941;82,87876129;32,53;44;63,8418045;74,85580444;36,21;142;63,78194046;74,99943542;28,83;76;67,33422089;77,5386734;66,71;52;59,16606903;75,7951889;9,24;40;63,48113251;76,35704803;21,77;108;66,36048126;75,69954681;44,63;47;68,22990417;99,25388336;52,75;58
3356;;Vrouw;25-44 jaar;Negatief;-1;815157,662;280,803;Zuidwest;43,63533401;49,48813248;0;0;45,76960373;73,69094086;0,4;17;59,29612732;96,69158173;100;52;56,91408539;102,0819778;100;188;57,38660431;103,7735214;100;105;60,85689163;101,4781799;93,91;118;55,99749374;113,8776855;100;53;57,2627182;102,4591599;100;126;61,2243576;111,7148514;100;77;62,03050613;113,9989929;100;83
3365;;;;Geen stance;;719381,47;428,26;Noordoost;42,12598419;51,18530273;0;0;48,56999969;122,8798447;20,69;81;50,29046631;96,69158173;100;52;50,28873444;102,0819778;100;180;50,00664902;103,7735214;100;105;52,53388214;101,4781799;93,91;115;49,59790039;94,65531921;100;53;53,39836121;102,4591599;100;115;55,80466843;111,7148514;100;77;56,87405777;113,9989929;100;68
3366;;Vrouw;25-44 jaar;Geen stance;;213,019;326,102;Zuidwest;44,02568054;44,79400635;0;0;45,64109421;57,20347977;0;0;59,75524139;72,70607758;7,75;10;58,51065063;67,07381439;0,57;22;58,79296112;68,43985748;2,9;22;62,57150269;70,36914825;15,81;44;56,60731125;81,30696869;0,33;4;58,9638443;71,7182312;5,91;29;62,70407104;70,1178894;25,36;61;63,53409958;74,01158142;32,21;51
3367;;Man;45-64 jaar;Positief;1;2081,386;597,736;Noordoost;41,35932541;42,71563721;0;0;66,91020203;110,2000656;0;0;45,0217247;60,23594666;0;0;45,81916809;61,72739029;0;0;44,92870712;62,67826843;0;0;47,00330353;55,81860352;0;0;44,95477676;55,47726059;0;0;49,00971222;65,99206543;0,05;1;50,89340591;66,5459137;0,03;1;52,33699799;63,11299133;0;0
3376;;Man;45-64 jaar;Positief;1;3290,089;369,555;Zuidwest;43,97756958;44,91822815;0;0;45,55164337;56,63106537;0;0;58,62269974;72,42012024;6,91;11;57,50817871;67,17679596;0,48;19;57,70505524;67,81277466;1,57;17;61,58732986;70,44766998;11,45;47;56,70397568;85,80185699;0,42;4;58,01648331;71,14354706;4,71;24;61,7863121;69,47167969;20,75;54;62,64758682;72,28926086;25,68;56
3377;;Vrouw;25-44 jaar;Positief;1;137,049;729,291;Noordoost;41,94204712;43,02138519;0;0;73,35752106;110,1120605;3,4;51;45,49162292;60,48280334;0;0;46,43850708;62,83409119;0;0;46,11316681;59,58992386;0;0;48,71161652;56,1871376;0;0;;;;;;;;;;;;;;;;
3380;;Zeg ik liever niet;65+;Negatief;-1;208,459;184,85;Zuid;45,11130142;45,87623215;0;0;47,26005936;65,47406006;0,01;1;67,14715576;79,63392639;26,3;41;63,05086136;72,13022614;30,57;146;63,02261353;73,05463409;24,81;67;66,5279541;74,59736633;60,83;65;58,73703766;73,80006409;3,47;32;62,87051773;74,53878784;19,5;77;65,91665649;74,05309296;43,86;45;66,89437103;80,81926727;51,92;44
3383;;;;Geen stance;;404480,605;822,208;West;44,03495407;46,57679367;0;0;46,38750076;65,33535004;0,01;1;55,36818314;70,78742218;1,96;10;54,01283646;70,65370941;0,69;29;53,65632248;68,95269775;0,32;7;57,58358002;68,9574585;1,75;32;53,7245369;65,931633;0,14;4;53,64284134;70,14331055;0,22;5;57,29628372;65,43935394;0,03;1;58,24274063;65,71629333;0,25;4
3384;;Man;25-44 jaar;Positief;1;1162,599;705,932;Noordoost;41,8459053;42,99157333;0;0;73,24365234;112,5818405;3,81;58;45,45940781;61,37496948;0;0;46,38998413;63,93776321;0;0;45,97021484;59,58957291;0;0;48,49476624;56,27932739;0;0;;;;;;;;;;;;;;;;
3388;;Vrouw;15-24 jaar;Positief;1;184295,348;268,89;Zuid;43,55436707;47,81907272;0;0;46,54608917;73,69094086;0;0;64,33094025;96,69158173;0;0;60,26226807;102,0819778;0;0;61,11352158;103,7735214;0;0;64,6118927;101,4781799;0;0;57,62796021;108,9069595;0;0;60,1216011;102,4591599;0;0;64,97318268;111,7148514;0;0;65,11334229;103,1501617;0;0
3389;;Man;45-64 jaar;Negatief;-1;319,68;229,085;Zuidwest;44,58273697;45,43458557;0;0;46,30595016;61,37551498;0;0;64,11742401;77,39583588;20,61;22;61,29486084;70,00192261;17,46;161;61,39590836;71,24038696;16,09;62;65,04168701;73,20683289;45,82;78;58,26128769;83,03244019;0;0;61,37042236;73,47445679;15,01;63;64,73319244;72,42902374;41,27;43;65,62253571;77,33798981;49,52;36
3399;;Man;25-44 jaar;Positief;1;17456,945;235,912;Noordoost;39,42731094;42,85061264;0;0;42,18094254;61,85633469;0;0;48,13933563;75,01423645;0;0;48,00023651;66,13726807;0;0;47,38687134;66,44348145;0;0;49,84878159;68,84127808;0;0;46,2530098;63,55241394;0;0;51,84532928;73,12010193;0;0;53,03792191;68,3030777;0;0;54,75789261;74,49564362;0;0
3403;;Vrouw;45-64 jaar;Negatief;-1;83,759;166,372;Zuid;45,46414185;46,20762253;0;0;48,02717972;67,97512054;0;0;68,99113464;81,05075836;0;0;63,79788208;73,59822845;0;0;63,67709732;73,88513947;0;0;67,09801483;75,28285217;0;0;59,30818176;73,98569489;0;0;63,49617767;75,62372589;0;0;66,33786774;75,00801849;0;0;67,37385559;83,30902863;0;0
3408;;Man;65+;Positief;1;32227,141;374,894;Oost;43,07413101;50,33834457;0;0;45,15865326;72,4781189;0,32;9;44,69129562;73,17501831;0,16;1;45,14208984;73,87625885;0,19;6;43,70354843;75,34856415;0,22;3;45,12517166;63,22380447;0;0;43,67924881;70,52239227;0,08;3;47,70288849;73,09172058;0,22;10;49,92466354;68,35709381;0,24;8;50,47810364;66,86907959;0,21;3
3413;;Vrouw;65+;Positief;1;340,974;289,442;West;44,48221588;47,222435;0;0;48,0263443;68,92984772;0;0;59,65567398;73,88534546;8,49;18;54,57663727;73,26049042;1,24;51;53,99672699;71,99578094;0,8;18;57,62518692;71,15267944;2,51;47;55,72548676;69,77327728;0,67;12;52,66222;72,62419891;0,24;6;56,16458893;67,69764709;0,05;3;56,90157318;67,03005981;0,09;3
3415;;Man;65+;Neutraal;0;1160,704;204,53;West;44,4891777;47,33872223;0;0;47,26403427;69,51332855;0;0;63,62157822;77,59693146;23,42;23;56,11347198;73,9821167;1,85;59;55,53872681;72,75761414;1,15;22;59,89322662;75,91369629;10,32;76;59,26476669;98,08353424;3,94;28;54,65400696;73,21935272;1,51;18;58,31253052;68,10350037;5,49;49;59,23453522;68,71835327;7,53;45
3418;;Vrouw;45-64 jaar;Neutraal;0;2564,588;264,735;West;44,64635468;47,85933304;0;0;49,5021553;72,98504639;0,37;17;59,37080765;75,04967499;10,95;20;54,38263321;75,35363007;1,55;72;53,89886856;74,90966797;1,31;27;56,77836609;75,20755005;2,73;55;55,70228958;72,71895599;1;18;51,47361755;76,75338745;0,29;8;54,2814064;70,02550507;0,05;2;54,78712845;70,56676483;0,08;2
3447;;Vrouw;45-64 jaar;Positief;1;286,743;177,533;Noord;41,21072006;42,79951477;0;0;42,51651382;56,43659592;0;0;52,94459534;73,7024765;0,63;1;53,46203613;65,57330322;0,01;1;53,40689468;66,29957581;0,05;2;56,86031723;68,7088623;0,88;8;51,50354385;62,89477158;0;0;56,17158127;73,00524139;0,72;12;58,68397141;68,22782135;1,52;20;60,46643448;74,22330475;9,15;36
3461;;Vrouw;25-44 jaar;Negatief;-1;54046,412;381,069;Noordoost;41,32084274;48,9995079;0;0;44,97919464;73,90712738;0,17;8;44,94586563;77,29234314;0,18;2;44,89299011;73,87625885;0,19;6;43,07011414;67,67378235;0,08;2;44,50396729;68,62587738;0,04;2;43,10081863;66,03672791;0,03;1;47,82341385;75,41017914;0,41;12;49,22206879;67,52780914;0,05;3;49,99248505;70,96477509;0,11;2
3469;;Vrouw;25-44 jaar;Neutraal;0;342,722;299,414;West;44,46222305;47,18982315;0;0;47,91467667;68,7322998;0,2;8;59,34680557;73,57449341;0;0;54,56052399;73,13877106;0;0;53,98692703;71,8423233;0,75;17;57,63854599;70,97105408;0;0;55,58435059;69,30580902;0;0;52,7285347;72,29238892;0;0;56,25933838;67,45780182;0;0;57,00296021;66,67440033;0;0
3472;;Vrouw;65+;Negatief;-1;10789,423;239,845;Zuidwest;44,48463821;45,80293274;0;0;46,15834427;64,32965088;0;0;63,44786835;79,32078552;26,72;38;60,71942139;71,52998352;28,85;165;60,8199234;72,57988739;23,31;70;64,53219604;75,94119263;58,21;94;59,99514771;104,0239334;4,72;31;60,85458374;74,17760468;19;80;64,29502869;73,74152374;44,04;57;65,17023468;80,22829437;52,09;43
3473;;Vrouw;65+;Negatief;-1;15413,191;224,602;Noordoost;38,73146439;44,37961578;0;0;41,80925751;64,76623535;0;0;46,60341644;77,29234314;0;0;45,41243744;69,1242981;0;0;44,46531296;67,96004486;0;0;46,06225967;68,62587738;0;0;43,79243088;66,03672791;0;0;50,19758224;75,41017914;0;0;50,54990005;69,09322357;0;0;51,86839676;74,18703461;0;0
3488;;Vrouw;25-44 jaar;Positief;1;570968,468;330,543;Zuid;43,88336182;50,3232193;0;0;46,36972427;73,69094086;0;0;59,46660233;96,69158173;100;52;57,13580322;102,0819778;100;188;58,02788925;103,7735214;100;105;61,2431221;101,4781799;93,91;118;55,9506073;113,8776855;100;53;57,54405975;102,4591599;100;126;61,8351593;111,7148514;100;77;62,34940338;113,9989929;100;83
3501;;Vrouw;15-24 jaar;Neutraal;0;1600,224;369,34;Zuidwest;43,93604279;44,79322052;0;0;45,55119324;56,41107178;0;0;58,55306244;71,85041809;5,66;10;57,64965057;66,77302551;0,27;12;57,92827225;67,81833649;0;0;61,75842285;70,01003265;0;0;56,10907364;82,39485168;0;0;58,20661163;71,20911407;0;0;62,00086594;69,47610474;0;0;62,84022141;72,67464447;0;0
3506;;Man;45-64 jaar;Negatief;-1;32108,093;214,082;Zuid;44,1623764;47,01234818;0;0;46,52587128;73,21475983;0;0;64,3453064;86,16764069;37,82;44;60,51971817;75,90013885;41,74;165;61,00956726;75,8916626;34,43;94;64,65677643;82,89268494;74,09;84;56,56164551;86,52159119;13,32;40;60,51778412;77,07525635;25,86;126;64,39396667;80,74584198;49,75;59;65,45528412;99,78936768;58,54;81
3508;;;;Negatief;-1;54044,953;643,051;Noordoost;41,70754623;43,41053009;0;0;70,76878357;122,8798447;0;0;45,52526093;65,98905182;0;0;46,36705399;70,2837677;0;0;45,24325562;66,04663849;0;0;47,52422333;58,56296539;0;0;44,95158768;56,18502808;0;0;48,71269226;66,5247345;0;0;50,69779587;68,6736908;0;0;51,98155975;64,16678619;0;0
3509;;Vrouw;25-44 jaar;Positief;1;270306,581;60,48;Zuid;43,57868195;49,48813248;0;0;45,64783478;73,69094086;0,4;17;61,35926056;96,69158173;100;52;58,24571228;102,0819778;100;188;58,8945961;103,7735214;100;105;62,17486572;101,4781799;93,91;118;57,24437332;113,8776855;100;53;58,68854141;102,4591599;100;126;62,63915253;111,7148514;100;77;63,46011734;113,9989929;100;83
3514;;Man;25-44 jaar;Negatief;-1;13004,299;100,983;Noordwest;43,5762558;45,65582275;0;0;44,54892731;59,46967316;0;0;66,29708099;86,37219238;54,82;35;63,55706024;81,82183075;55,24;173;63,42398834;81,30657959;60,52;89;67,15351868;83,47299194;91,03;112;61,72792053;80,52552795;54,32;33;64,11392212;85,77865601;64,72;77;67,23500824;83,64818573;74,47;72;68,13986206;83,58128357;90,77;62
3518;;Man;45-64 jaar;Positief;1;4649,723;582,024;Oost;43,03298187;44,71993256;0;0;52,7599144;83,70359802;0;0;45,74991608;61,37315369;0;0;46,37313843;63,2022934;0;0;44,92954636;65,44420624;0,03;1;47,15960693;57,08179855;0;0;44,88258362;52,34955597;0;0;47,30775452;63,2696991;0;0;49,43436813;57,66025162;0;0;49,93094254;58,23961639;0;0
3538;;Man;25-44 jaar;Negatief;-1;9866,341;203,26;Zuid;44,82993698;46,38766479;0;0;46,78276825;69,03443146;0;0;65,7399292;81,90749359;33,58;43;62,13841248;74,25982666;36,62;165;62,18171692;74,39862061;28,92;77;65,77378845;77,0300293;66,46;79;58,84311676;95,33144379;10,46;39;62,09365845;76,10758972;22,16;103;65,31381989;75,45157623;45,9;47;66,24552155;86,68904114;54,12;59
3543;;Man;45-64 jaar;Positief;1;1749,499;602,207;Noordoost;42,75806427;44,24356079;0;0;54,01209641;90,64951324;0,69;17;45,49843216;57,77436447;0;0;46,15117645;61,8312149;0;0;44,78681946;63,55858612;0;0;46,94504929;56,8888855;0;0;44,98562241;52,54008102;0;0;47,67884827;63,69656754;0;0;49,86682129;57,82572174;0;0;50,54679489;59,10496902;0;0
3544;;;;Negatief;-1;5195,703;155,562;Noord;42,31452942;44,06838989;0;0;43,30332565;56,57486343;0;0;57,47127151;77,99637604;14,2;22;57,40343857;70,12657166;11,61;147;57,38584137;71,04628754;11,07;55;61,3527832;78,21051788;39,91;90;55,36442566;68,26449585;1,64;18;59,28429413;76,85562134;19,05;59;62,15647125;72,64841461;48,94;59;63,69671249;74,74487305;53,44;47
3550;;Vrouw;45-64 jaar;Geen stance;;10603,801;561,763;Oost;42,95015335;45,01707458;0;0;52,62224197;87,64620209;0,42;9;45,95436096;66,78970337;0,08;1;46,46198654;67,98374939;0,06;1;44,51363373;63,46173096;0;0;46,72171783;59,36018372;0;0;44,77933884;52,91523743;0;0;47,31788635;63,81077576;0;0;49,42868042;58,28827667;0;0;49,95991898;59,30182648;0;0
3551;;Man;45-64 jaar;Negatief;-1;1506,509;265,141;Zuid;44,14170074;45,00585938;0;0;45,92028046;60,02601624;0;0;61,79298401;75,42900848;14,98;14;59,90844727;68,77183533;7,34;128;60,27212524;70,61458588;11,15;52;63,93040466;71,51972961;35,78;72;56,41721725;76,58934021;0,53;9;60,18267441;72,92021179;11,02;51;63,85705185;71,8088913;36,35;55;64,72251892;79,43985748;44,12;44
3554;;Man;45-64 jaar;Negatief;-1;3044,537;217,207;West;44,53450012;47,79949951;0;0;47,91894913;72,60206604;0,32;14;62,69078064;77,47602844;22,76;25;55,56159973;75,16550446;1,95;70;55,01131821;74,63581085;1,28;26;58,94871521;76,05436707;12,01;80;59,20900345;105,3932266;3,55;28;53,72998428;76,37274933;2,76;20;57,1619072;69,8164444;11,65;63;57,97854996;70,24884796;14,46;47
3556;;Vrouw;45-64 jaar;Negatief;-1;2918,578;259,804;Zuid;44,12748337;45,09926987;0;0;45,94649124;60,6390419;0;0;61,94419861;76,06019592;17,73;15;59,96687698;69,2564621;10,61;152;60,35676956;71,09173584;13,18;53;64,005867;71,98217773;40,16;74;56,31970596;76,47284698;0,69;10;60,20476913;73,11068726;12,23;53;63,90353394;72,14802551;38,15;55;64,78351593;81,06633759;45,74;44
3557;;;;Geen stance;;99,908;115,875;Noordwest;43,84719467;45,08535767;0;0;45,010849;56,36918259;0;0;65,68940735;79,81518555;32,16;18;61,61928177;72,02350616;16,06;168;61,41231155;70,50202942;13,68;75;65,64979553;78,58036804;46,47;95;60,89442062;70,85366058;14,57;24;62,0631485;74,84697723;17,96;67;65,39910126;72,30084229;47,93;34;66,40083313;73,90690613;51,92;44
3560;;Man;45-64 jaar;Negatief;-1;1648,471;352,546;West;44,23797607;46,53902435;0;0;46,56381226;64,6474762;0;0;58,28604507;72,66249084;5,11;15;55,07511902;70,97951508;0,83;32;54,66644669;69,02575684;0,38;8;58,67868042;70,1153717;2,24;40;55,49247742;77,31974792;0,44;5;54,37094879;70,31317902;0,28;5;58,14859009;65,76585388;0,24;10;59,02539063;66,64904785;0,72;8
3561;;Man;15-24 jaar;Negatief;-1;23669,798;271,763;Zuid;43,69516754;45,24459076;0;0;45,78753662;61,97896957;0;0;60,68684006;77,53088379;20,01;15;58,72874832;70,23955536;18,09;163;59,38443756;71,94776154;17,47;64;63,03643417;74,67617035;48,76;77;55,18740082;81,75247955;0,83;13;58,99269104;73,43656158;14,48;62;63,2123909;75,97194672;40,7;62;64,00699615;90,25637817;48,71;65
